2023,2022,2021,2020,2019,2018,2017,2016,2015,2014,,,
Change_Type,Change_Type,Change_Type,Change_Type,Change_Type,Change_Type,Change_Type,Change_Type,Change_Type,Change_Type,,,
Covered_Recipient_Type,Covered_Recipient_Type,Covered_Recipient_Type,Covered_Recipient_Type,Covered_Recipient_Type,Covered_Recipient_Type,Covered_Recipient_Type,Covered_Recipient_Type,Covered_Recipient_Type,Covered_Recipient_Type,,,
Noncovered_Recipient_Entity_Name,Noncovered_Recipient_Entity_Name,Noncovered_Recipient_Entity_Name,Noncovered_Recipient_Entity_Name,Noncovered_Recipient_Entity_Name,Noncovered_Recipient_Entity_Name,Noncovered_Recipient_Entity_Name,Noncovered_Recipient_Entity_Name,Noncovered_Recipient_Entity_Name,Noncovered_Recipient_Entity_Name,,,
Teaching_Hospital_CCN,Teaching_Hospital_CCN,Teaching_Hospital_CCN,Teaching_Hospital_CCN,Teaching_Hospital_CCN,Teaching_Hospital_CCN,Teaching_Hospital_CCN,Teaching_Hospital_CCN,Teaching_Hospital_CCN,Teaching_Hospital_CCN,,,
Teaching_Hospital_ID,Teaching_Hospital_ID,Teaching_Hospital_ID,Teaching_Hospital_ID,Teaching_Hospital_ID,Teaching_Hospital_ID,Teaching_Hospital_ID,Teaching_Hospital_ID,Teaching_Hospital_ID,Teaching_Hospital_ID,,,
Teaching_Hospital_Name,Teaching_Hospital_Name,Teaching_Hospital_Name,Teaching_Hospital_Name,Teaching_Hospital_Name,Teaching_Hospital_Name,Teaching_Hospital_Name,Teaching_Hospital_Name,Teaching_Hospital_Name,Teaching_Hospital_Name,,,
Covered_Recipient_Profile_ID,Covered_Recipient_Profile_ID,Covered_Recipient_Profile_ID,Covered_Recipient_Profile_ID,Covered_Recipient_Profile_ID,Covered_Recipient_Profile_ID,Covered_Recipient_Profile_ID,Covered_Recipient_Profile_ID,Covered_Recipient_Profile_ID,Covered_Recipient_Profile_ID,,,
Covered_Recipient_NPI,Covered_Recipient_NPI,Covered_Recipient_NPI,Covered_Recipient_NPI,Covered_Recipient_NPI,Covered_Recipient_NPI,Covered_Recipient_NPI,Covered_Recipient_NPI,Covered_Recipient_NPI,Covered_Recipient_First_Name,,,
Covered_Recipient_First_Name,Covered_Recipient_First_Name,Covered_Recipient_First_Name,Covered_Recipient_First_Name,Covered_Recipient_First_Name,Covered_Recipient_First_Name,Covered_Recipient_First_Name,Covered_Recipient_First_Name,Covered_Recipient_First_Name,Covered_Recipient_Middle_Name,,,
Covered_Recipient_Middle_Name,Covered_Recipient_Middle_Name,Covered_Recipient_Middle_Name,Covered_Recipient_Middle_Name,Covered_Recipient_Middle_Name,Covered_Recipient_Middle_Name,Covered_Recipient_Middle_Name,Covered_Recipient_Middle_Name,Covered_Recipient_Middle_Name,Covered_Recipient_Last_Name,,,
Covered_Recipient_Last_Name,Covered_Recipient_Last_Name,Covered_Recipient_Last_Name,Covered_Recipient_Last_Name,Covered_Recipient_Last_Name,Covered_Recipient_Last_Name,Covered_Recipient_Last_Name,Covered_Recipient_Last_Name,Covered_Recipient_Last_Name,Covered_Recipient_Name_Suffix,,,
Covered_Recipient_Name_Suffix,Covered_Recipient_Name_Suffix,Covered_Recipient_Name_Suffix,Covered_Recipient_Name_Suffix,Covered_Recipient_Name_Suffix,Covered_Recipient_Name_Suffix,Covered_Recipient_Name_Suffix,Covered_Recipient_Name_Suffix,Covered_Recipient_Name_Suffix,Recip_Prim_Business_AddressLine1,,,
Recip_Prim_Business_AddressLine1,Recip_Prim_Business_AddressLine1,Recip_Prim_Business_AddressLine1,Recip_Prim_Business_AddressLine1,Recip_Prim_Business_AddressLine1,Recip_Prim_Business_AddressLine1,Recip_Prim_Business_AddressLine1,Recip_Prim_Business_AddressLine1,Recip_Prim_Business_AddressLine1,Recip_Prim_Business_AddressLine2,,,
Recip_Prim_Business_AddressLine2,Recip_Prim_Business_AddressLine2,Recip_Prim_Business_AddressLine2,Recip_Prim_Business_AddressLine2,Recip_Prim_Business_AddressLine2,Recip_Prim_Business_AddressLine2,Recip_Prim_Business_AddressLine2,Recip_Prim_Business_AddressLine2,Recip_Prim_Business_AddressLine2,Recipient_City,,,
Recipient_City,Recipient_City,Recipient_City,Recipient_City,Recipient_City,Recipient_City,Recipient_City,Recipient_City,Recipient_City,Recipient_State,,,
Recipient_State,Recipient_State,Recipient_State,Recipient_State,Recipient_State,Recipient_State,Recipient_State,Recipient_State,Recipient_State,Recipient_Zip_Code,,,
Recipient_Zip_Code,Recipient_Zip_Code,Recipient_Zip_Code,Recipient_Zip_Code,Recipient_Zip_Code,Recipient_Zip_Code,Recipient_Zip_Code,Recipient_Zip_Code,Recipient_Zip_Code,Recipient_Country,,,
Recipient_Country,Recipient_Country,Recipient_Country,Recipient_Country,Recipient_Country,Recipient_Country,Recipient_Country,Recipient_Country,Recipient_Country,Recipient_Province,,,
Recipient_Province,Recipient_Province,Recipient_Province,Recipient_Province,Recipient_Province,Recipient_Province,Recipient_Province,Recipient_Province,Recipient_Province,Recipient_Postal_Code,,,
Recipient_Postal_Code,Recipient_Postal_Code,Recipient_Postal_Code,Recipient_Postal_Code,Recipient_Postal_Code,Recipient_Postal_Code,Recipient_Postal_Code,Recipient_Postal_Code,Recipient_Postal_Code,Covered_Recipient_Primary_Type_1,,,
Covered_Recipient_Primary_Type_1,Covered_Recipient_Primary_Type_1,Covered_Recipient_Primary_Type_1,Covered_Recipient_Primary_Type_1,Covered_Recipient_Primary_Type_1,Covered_Recipient_Primary_Type_1,Covered_Recipient_Primary_Type_1,Covered_Recipient_Primary_Type_1,Covered_Recipient_Primary_Type_1,Covered_Recipient_Specialty_1,,,
Covered_Recipient_Primary_Type_2,Covered_Recipient_Primary_Type_2,Covered_Recipient_Primary_Type_2,Covered_Recipient_Primary_Type_2,Covered_Recipient_Primary_Type_2,Covered_Recipient_Primary_Type_2,Covered_Recipient_Primary_Type_2,Covered_Recipient_Primary_Type_2,Covered_Recipient_Specialty_1,Covered_Recip_License_Statecode1,,,
Covered_Recipient_Primary_Type_3,Covered_Recipient_Primary_Type_3,Covered_Recipient_Primary_Type_3,Covered_Recipient_Primary_Type_3,Covered_Recipient_Primary_Type_3,Covered_Recipient_Primary_Type_3,Covered_Recipient_Primary_Type_3,Covered_Recipient_Primary_Type_3,Covered_Recip_License_Statecode1,Covered_Recip_License_Statecode2,,,
Covered_Recipient_Primary_Type_4,Covered_Recipient_Primary_Type_4,Covered_Recipient_Primary_Type_4,Covered_Recipient_Primary_Type_4,Covered_Recipient_Primary_Type_4,Covered_Recipient_Primary_Type_4,Covered_Recipient_Primary_Type_4,Covered_Recipient_Primary_Type_4,Covered_Recip_License_Statecode2,Covered_Recip_License_Statecode3,,,
Covered_Recipient_Primary_Type_5,Covered_Recipient_Primary_Type_5,Covered_Recipient_Primary_Type_5,Covered_Recipient_Primary_Type_5,Covered_Recipient_Primary_Type_5,Covered_Recipient_Primary_Type_5,Covered_Recipient_Primary_Type_5,Covered_Recipient_Primary_Type_5,Covered_Recip_License_Statecode3,Covered_Recip_License_Statecode4,,,
Covered_Recipient_Primary_Type_6,Covered_Recipient_Primary_Type_6,Covered_Recipient_Primary_Type_6,Covered_Recipient_Primary_Type_6,Covered_Recipient_Primary_Type_6,Covered_Recipient_Primary_Type_6,Covered_Recipient_Primary_Type_6,Covered_Recipient_Primary_Type_6,Covered_Recip_License_Statecode4,Covered_Recip_License_Statecode5,,,
Covered_Recipient_Specialty_1,Covered_Recipient_Specialty_1,Covered_Recipient_Specialty_1,Covered_Recipient_Specialty_1,Covered_Recipient_Specialty_1,Covered_Recipient_Specialty_1,Covered_Recipient_Specialty_1,Covered_Recipient_Specialty_1,Covered_Recip_License_Statecode5,PI_1_Profile_ID,,,
Covered_Recipient_Specialty_2,Covered_Recipient_Specialty_2,Covered_Recipient_Specialty_2,Covered_Recipient_Specialty_2,Covered_Recipient_Specialty_2,Covered_Recipient_Specialty_2,Covered_Recipient_Specialty_2,Covered_Recipient_Specialty_2,PI_1_Profile_ID,PI_1_First_Name,,,
Covered_Recipient_Specialty_3,Covered_Recipient_Specialty_3,Covered_Recipient_Specialty_3,Covered_Recipient_Specialty_3,Covered_Recipient_Specialty_3,Covered_Recipient_Specialty_3,Covered_Recipient_Specialty_3,Covered_Recipient_Specialty_3,PI_1_NPI,PI_1_Middle_Name,,,
Covered_Recipient_Specialty_4,Covered_Recipient_Specialty_4,Covered_Recipient_Specialty_4,Covered_Recipient_Specialty_4,Covered_Recipient_Specialty_4,Covered_Recipient_Specialty_4,Covered_Recipient_Specialty_4,Covered_Recipient_Specialty_4,PI_1_First_Name,PI_1_Last_Name,,,
Covered_Recipient_Specialty_5,Covered_Recipient_Specialty_5,Covered_Recipient_Specialty_5,Covered_Recipient_Specialty_5,Covered_Recipient_Specialty_5,Covered_Recipient_Specialty_5,Covered_Recipient_Specialty_5,Covered_Recipient_Specialty_5,PI_1_Middle_Name,PI_1_Name_Suffix,,,
Covered_Recipient_Specialty_6,Covered_Recipient_Specialty_6,Covered_Recipient_Specialty_6,Covered_Recipient_Specialty_6,Covered_Recipient_Specialty_6,Covered_Recipient_Specialty_6,Covered_Recipient_Specialty_6,Covered_Recipient_Specialty_6,PI_1_Last_Name,PI_1_Business_St_Address_Line1,,,
Covered_Recip_License_Statecode1,Covered_Recip_License_Statecode1,Covered_Recip_License_Statecode1,Covered_Recip_License_Statecode1,Covered_Recip_License_Statecode1,Covered_Recip_License_Statecode1,Covered_Recip_License_Statecode1,Covered_Recip_License_Statecode1,PI_1_Name_Suffix,PI_1_Business_St_Address_Line2,,,
Covered_Recip_License_Statecode2,Covered_Recip_License_Statecode2,Covered_Recip_License_Statecode2,Covered_Recip_License_Statecode2,Covered_Recip_License_Statecode2,Covered_Recip_License_Statecode2,Covered_Recip_License_Statecode2,Covered_Recip_License_Statecode2,PI_1_Business_St_Address_Line1,PI_1_City,,,
Covered_Recip_License_Statecode3,Covered_Recip_License_Statecode3,Covered_Recip_License_Statecode3,Covered_Recip_License_Statecode3,Covered_Recip_License_Statecode3,Covered_Recip_License_Statecode3,Covered_Recip_License_Statecode3,Covered_Recip_License_Statecode3,PI_1_Business_St_Address_Line2,PI_1_State,,,
Covered_Recip_License_Statecode4,Covered_Recip_License_Statecode4,Covered_Recip_License_Statecode4,Covered_Recip_License_Statecode4,Covered_Recip_License_Statecode4,Covered_Recip_License_Statecode4,Covered_Recip_License_Statecode4,Covered_Recip_License_Statecode4,PI_1_City,PI_1_Zip_Code,,,
Covered_Recip_License_Statecode5,Covered_Recip_License_Statecode5,Covered_Recip_License_Statecode5,Covered_Recip_License_Statecode5,Covered_Recip_License_Statecode5,Covered_Recip_License_Statecode5,Covered_Recip_License_Statecode5,Covered_Recip_License_Statecode5,PI_1_State,PI_1_Country,,,
PI_1_Covered_Recipient_Type,PI_1_Covered_Recipient_Type,PI_1_Covered_Recipient_Type,PI_1_Covered_Recipient_Type,PI_1_Covered_Recipient_Type,PI_1_Covered_Recipient_Type,PI_1_Covered_Recipient_Type,PI_1_Covered_Recipient_Type,PI_1_Zip_Code,PI_1_Province,,,
PI_1_Profile_ID,PI_1_Profile_ID,PI_1_Profile_ID,PI_1_Profile_ID,PI_1_Profile_ID,PI_1_Profile_ID,PI_1_Profile_ID,PI_1_Profile_ID,PI_1_Country,PI_1_Postal_Code,,,
PI_1_NPI,PI_1_NPI,PI_1_NPI,PI_1_NPI,PI_1_NPI,PI_1_NPI,PI_1_NPI,PI_1_NPI,PI_1_Province,PI_1_Primary_Type_1,,,
PI_1_First_Name,PI_1_First_Name,PI_1_First_Name,PI_1_First_Name,PI_1_First_Name,PI_1_First_Name,PI_1_First_Name,PI_1_First_Name,PI_1_Postal_Code,PI_1_Specialty_1,,,
PI_1_Middle_Name,PI_1_Middle_Name,PI_1_Middle_Name,PI_1_Middle_Name,PI_1_Middle_Name,PI_1_Middle_Name,PI_1_Middle_Name,PI_1_Middle_Name,PI_1_Primary_Type_1,PI_1_License_State_code1,,,
PI_1_Last_Name,PI_1_Last_Name,PI_1_Last_Name,PI_1_Last_Name,PI_1_Last_Name,PI_1_Last_Name,PI_1_Last_Name,PI_1_Last_Name,PI_1_Specialty_1,PI_1_License_State_code2,,,
PI_1_Name_Suffix,PI_1_Name_Suffix,PI_1_Name_Suffix,PI_1_Name_Suffix,PI_1_Name_Suffix,PI_1_Name_Suffix,PI_1_Name_Suffix,PI_1_Name_Suffix,PI_1_License_State_code1,PI_1_License_State_code3,,,
PI_1_Business_St_Address_Line1,PI_1_Business_St_Address_Line1,PI_1_Business_St_Address_Line1,PI_1_Business_St_Address_Line1,PI_1_Business_St_Address_Line1,PI_1_Business_St_Address_Line1,PI_1_Business_St_Address_Line1,PI_1_Business_St_Address_Line1,PI_1_License_State_code2,PI_1_License_State_code4,,,
PI_1_Business_St_Address_Line2,PI_1_Business_St_Address_Line2,PI_1_Business_St_Address_Line2,PI_1_Business_St_Address_Line2,PI_1_Business_St_Address_Line2,PI_1_Business_St_Address_Line2,PI_1_Business_St_Address_Line2,PI_1_Business_St_Address_Line2,PI_1_License_State_code3,PI_1_License_State_code5,,,
PI_1_City,PI_1_City,PI_1_City,PI_1_City,PI_1_City,PI_1_City,PI_1_City,PI_1_City,PI_1_License_State_code4,PI_2_Profile_ID,,,
PI_1_State,PI_1_State,PI_1_State,PI_1_State,PI_1_State,PI_1_State,PI_1_State,PI_1_State,PI_1_License_State_code5,PI_2_First_Name,,,
PI_1_Zip_Code,PI_1_Zip_Code,PI_1_Zip_Code,PI_1_Zip_Code,PI_1_Zip_Code,PI_1_Zip_Code,PI_1_Zip_Code,PI_1_Zip_Code,PI_2_Profile_ID,PI_2_Middle_Name,,,
PI_1_Country,PI_1_Country,PI_1_Country,PI_1_Country,PI_1_Country,PI_1_Country,PI_1_Country,PI_1_Country,PI_2_NPI,PI_2_Last_Name,,,
PI_1_Province,PI_1_Province,PI_1_Province,PI_1_Province,PI_1_Province,PI_1_Province,PI_1_Province,PI_1_Province,PI_2_First_Name,PI_2_Name_Suffix,,,
PI_1_Postal_Code,PI_1_Postal_Code,PI_1_Postal_Code,PI_1_Postal_Code,PI_1_Postal_Code,PI_1_Postal_Code,PI_1_Postal_Code,PI_1_Postal_Code,PI_2_Middle_Name,PI_2_Business_St_Address_Line1,,,
PI_1_Primary_Type_1,PI_1_Primary_Type_1,PI_1_Primary_Type_1,PI_1_Primary_Type_1,PI_1_Primary_Type_1,PI_1_Primary_Type_1,PI_1_Primary_Type_1,PI_1_Primary_Type_1,PI_2_Last_Name,PI_2_Business_St_Address_Line2,,,
PI_1_Primary_Type_2,PI_1_Primary_Type_2,PI_1_Primary_Type_2,PI_1_Primary_Type_2,PI_1_Primary_Type_2,PI_1_Primary_Type_2,PI_1_Primary_Type_2,PI_1_Primary_Type_2,PI_2_Name_Suffix,PI_2_City,,,
PI_1_Primary_Type_3,PI_1_Primary_Type_3,PI_1_Primary_Type_3,PI_1_Primary_Type_3,PI_1_Primary_Type_3,PI_1_Primary_Type_3,PI_1_Primary_Type_3,PI_1_Primary_Type_3,PI_2_Business_St_Address_Line1,PI_2_State,,,
PI_1_Primary_Type_4,PI_1_Primary_Type_4,PI_1_Primary_Type_4,PI_1_Primary_Type_4,PI_1_Primary_Type_4,PI_1_Primary_Type_4,PI_1_Primary_Type_4,PI_1_Primary_Type_4,PI_2_Business_St_Address_Line2,PI_2_Zip_Code,,,
PI_1_Primary_Type_5,PI_1_Primary_Type_5,PI_1_Primary_Type_5,PI_1_Primary_Type_5,PI_1_Primary_Type_5,PI_1_Primary_Type_5,PI_1_Primary_Type_5,PI_1_Primary_Type_5,PI_2_City,PI_2_Country,,,
PI_1_Primary_Type_6,PI_1_Primary_Type_6,PI_1_Primary_Type_6,PI_1_Primary_Type_6,PI_1_Primary_Type_6,PI_1_Primary_Type_6,PI_1_Primary_Type_6,PI_1_Primary_Type_6,PI_2_State,PI_2_Province,,,
PI_1_Specialty_1,PI_1_Specialty_1,PI_1_Specialty_1,PI_1_Specialty_1,PI_1_Specialty_1,PI_1_Specialty_1,PI_1_Specialty_1,PI_1_Specialty_1,PI_2_Zip_Code,PI_2_Postal_Code,,,
PI_1_Specialty_2,PI_1_Specialty_2,PI_1_Specialty_2,PI_1_Specialty_2,PI_1_Specialty_2,PI_1_Specialty_2,PI_1_Specialty_2,PI_1_Specialty_2,PI_2_Country,PI_2_Primary_Type_1,,,
PI_1_Specialty_3,PI_1_Specialty_3,PI_1_Specialty_3,PI_1_Specialty_3,PI_1_Specialty_3,PI_1_Specialty_3,PI_1_Specialty_3,PI_1_Specialty_3,PI_2_Province,PI_2_Specialty_1,,,
PI_1_Specialty_4,PI_1_Specialty_4,PI_1_Specialty_4,PI_1_Specialty_4,PI_1_Specialty_4,PI_1_Specialty_4,PI_1_Specialty_4,PI_1_Specialty_4,PI_2_Postal_Code,PI_2_License_State_code1,,,
PI_1_Specialty_5,PI_1_Specialty_5,PI_1_Specialty_5,PI_1_Specialty_5,PI_1_Specialty_5,PI_1_Specialty_5,PI_1_Specialty_5,PI_1_Specialty_5,PI_2_Primary_Type_1,PI_2_License_State_code2,,,
PI_1_Specialty_6,PI_1_Specialty_6,PI_1_Specialty_6,PI_1_Specialty_6,PI_1_Specialty_6,PI_1_Specialty_6,PI_1_Specialty_6,PI_1_Specialty_6,PI_2_Specialty_1,PI_2_License_State_code3,,,
PI_1_License_State_code1,PI_1_License_State_code1,PI_1_License_State_code1,PI_1_License_State_code1,PI_1_License_State_code1,PI_1_License_State_code1,PI_1_License_State_code1,PI_1_License_State_code1,PI_2_License_State_code1,PI_2_License_State_code4,,,
PI_1_License_State_code2,PI_1_License_State_code2,PI_1_License_State_code2,PI_1_License_State_code2,PI_1_License_State_code2,PI_1_License_State_code2,PI_1_License_State_code2,PI_1_License_State_code2,PI_2_License_State_code2,PI_2_License_State_code5,,,
PI_1_License_State_code3,PI_1_License_State_code3,PI_1_License_State_code3,PI_1_License_State_code3,PI_1_License_State_code3,PI_1_License_State_code3,PI_1_License_State_code3,PI_1_License_State_code3,PI_2_License_State_code3,PI_3_Profile_ID,,,
PI_1_License_State_code4,PI_1_License_State_code4,PI_1_License_State_code4,PI_1_License_State_code4,PI_1_License_State_code4,PI_1_License_State_code4,PI_1_License_State_code4,PI_1_License_State_code4,PI_2_License_State_code4,PI_3_First_Name,,,
PI_1_License_State_code5,PI_1_License_State_code5,PI_1_License_State_code5,PI_1_License_State_code5,PI_1_License_State_code5,PI_1_License_State_code5,PI_1_License_State_code5,PI_1_License_State_code5,PI_2_License_State_code5,PI_3_Middle_Name,,,
PI_2_Covered_Recipient_Type,PI_2_Covered_Recipient_Type,PI_2_Covered_Recipient_Type,PI_2_Covered_Recipient_Type,PI_2_Covered_Recipient_Type,PI_2_Covered_Recipient_Type,PI_2_Covered_Recipient_Type,PI_2_Covered_Recipient_Type,PI_3_Profile_ID,PI_3_Last_Name,,,
PI_2_Profile_ID,PI_2_Profile_ID,PI_2_Profile_ID,PI_2_Profile_ID,PI_2_Profile_ID,PI_2_Profile_ID,PI_2_Profile_ID,PI_2_Profile_ID,PI_3_NPI,PI_3_Name_Suffix,,,
PI_2_NPI,PI_2_NPI,PI_2_NPI,PI_2_NPI,PI_2_NPI,PI_2_NPI,PI_2_NPI,PI_2_NPI,PI_3_First_Name,PI_3_Business_St_Address_Line1,,,
PI_2_First_Name,PI_2_First_Name,PI_2_First_Name,PI_2_First_Name,PI_2_First_Name,PI_2_First_Name,PI_2_First_Name,PI_2_First_Name,PI_3_Middle_Name,PI_3_Business_St_Address_Line2,,,
PI_2_Middle_Name,PI_2_Middle_Name,PI_2_Middle_Name,PI_2_Middle_Name,PI_2_Middle_Name,PI_2_Middle_Name,PI_2_Middle_Name,PI_2_Middle_Name,PI_3_Last_Name,PI_3_City,,,
PI_2_Last_Name,PI_2_Last_Name,PI_2_Last_Name,PI_2_Last_Name,PI_2_Last_Name,PI_2_Last_Name,PI_2_Last_Name,PI_2_Last_Name,PI_3_Name_Suffix,PI_3_State,,,
PI_2_Name_Suffix,PI_2_Name_Suffix,PI_2_Name_Suffix,PI_2_Name_Suffix,PI_2_Name_Suffix,PI_2_Name_Suffix,PI_2_Name_Suffix,PI_2_Name_Suffix,PI_3_Business_St_Address_Line1,PI_3_Zip_Code,,,
PI_2_Business_St_Address_Line1,PI_2_Business_St_Address_Line1,PI_2_Business_St_Address_Line1,PI_2_Business_St_Address_Line1,PI_2_Business_St_Address_Line1,PI_2_Business_St_Address_Line1,PI_2_Business_St_Address_Line1,PI_2_Business_St_Address_Line1,PI_3_Business_St_Address_Line2,PI_3_Country,,,
PI_2_Business_St_Address_Line2,PI_2_Business_St_Address_Line2,PI_2_Business_St_Address_Line2,PI_2_Business_St_Address_Line2,PI_2_Business_St_Address_Line2,PI_2_Business_St_Address_Line2,PI_2_Business_St_Address_Line2,PI_2_Business_St_Address_Line2,PI_3_City,PI_3_Province,,,
PI_2_City,PI_2_City,PI_2_City,PI_2_City,PI_2_City,PI_2_City,PI_2_City,PI_2_City,PI_3_State,PI_3_Postal_Code,,,
PI_2_State,PI_2_State,PI_2_State,PI_2_State,PI_2_State,PI_2_State,PI_2_State,PI_2_State,PI_3_Zip_Code,PI_3_Primary_Type,,,
PI_2_Zip_Code,PI_2_Zip_Code,PI_2_Zip_Code,PI_2_Zip_Code,PI_2_Zip_Code,PI_2_Zip_Code,PI_2_Zip_Code,PI_2_Zip_Code,PI_3_Country,PI_3_Specialty,,,
PI_2_Country,PI_2_Country,PI_2_Country,PI_2_Country,PI_2_Country,PI_2_Country,PI_2_Country,PI_2_Country,PI_3_Province,PI_3_License_State_code1,,,
PI_2_Province,PI_2_Province,PI_2_Province,PI_2_Province,PI_2_Province,PI_2_Province,PI_2_Province,PI_2_Province,PI_3_Postal_Code,PI_3_License_State_code2,,,
PI_2_Postal_Code,PI_2_Postal_Code,PI_2_Postal_Code,PI_2_Postal_Code,PI_2_Postal_Code,PI_2_Postal_Code,PI_2_Postal_Code,PI_2_Postal_Code,PI_3_Primary_Type_1,PI_3_License_State_code3,,,
PI_2_Primary_Type_1,PI_2_Primary_Type_1,PI_2_Primary_Type_1,PI_2_Primary_Type_1,PI_2_Primary_Type_1,PI_2_Primary_Type_1,PI_2_Primary_Type_1,PI_2_Primary_Type_1,PI_3_Specialty_1,PI_3_License_State_code4,,,
PI_2_Primary_Type_2,PI_2_Primary_Type_2,PI_2_Primary_Type_2,PI_2_Primary_Type_2,PI_2_Primary_Type_2,PI_2_Primary_Type_2,PI_2_Primary_Type_2,PI_2_Primary_Type_2,PI_3_License_State_code1,PI_3_License_State_code5,,,
PI_2_Primary_Type_3,PI_2_Primary_Type_3,PI_2_Primary_Type_3,PI_2_Primary_Type_3,PI_2_Primary_Type_3,PI_2_Primary_Type_3,PI_2_Primary_Type_3,PI_2_Primary_Type_3,PI_3_License_State_code2,PI_4_Profile_ID,,,
PI_2_Primary_Type_4,PI_2_Primary_Type_4,PI_2_Primary_Type_4,PI_2_Primary_Type_4,PI_2_Primary_Type_4,PI_2_Primary_Type_4,PI_2_Primary_Type_4,PI_2_Primary_Type_4,PI_3_License_State_code3,PI_4_First_Name,,,
PI_2_Primary_Type_5,PI_2_Primary_Type_5,PI_2_Primary_Type_5,PI_2_Primary_Type_5,PI_2_Primary_Type_5,PI_2_Primary_Type_5,PI_2_Primary_Type_5,PI_2_Primary_Type_5,PI_3_License_State_code4,PI_4_Middle_Name,,,
PI_2_Primary_Type_6,PI_2_Primary_Type_6,PI_2_Primary_Type_6,PI_2_Primary_Type_6,PI_2_Primary_Type_6,PI_2_Primary_Type_6,PI_2_Primary_Type_6,PI_2_Primary_Type_6,PI_3_License_State_code5,PI_4_Last_Name,,,
PI_2_Specialty_1,PI_2_Specialty_1,PI_2_Specialty_1,PI_2_Specialty_1,PI_2_Specialty_1,PI_2_Specialty_1,PI_2_Specialty_1,PI_2_Specialty_1,PI_4_Profile_ID,PI_4_Name_Suffix,,,
PI_2_Specialty_2,PI_2_Specialty_2,PI_2_Specialty_2,PI_2_Specialty_2,PI_2_Specialty_2,PI_2_Specialty_2,PI_2_Specialty_2,PI_2_Specialty_2,PI_4_NPI,PI_4_Business_St_Address_Line1,,,
PI_2_Specialty_3,PI_2_Specialty_3,PI_2_Specialty_3,PI_2_Specialty_3,PI_2_Specialty_3,PI_2_Specialty_3,PI_2_Specialty_3,PI_2_Specialty_3,PI_4_First_Name,PI_4_Business_St_Address_Line2,,,
PI_2_Specialty_4,PI_2_Specialty_4,PI_2_Specialty_4,PI_2_Specialty_4,PI_2_Specialty_4,PI_2_Specialty_4,PI_2_Specialty_4,PI_2_Specialty_4,PI_4_Middle_Name,PI_4_City,,,
PI_2_Specialty_5,PI_2_Specialty_5,PI_2_Specialty_5,PI_2_Specialty_5,PI_2_Specialty_5,PI_2_Specialty_5,PI_2_Specialty_5,PI_2_Specialty_5,PI_4_Last_Name,PI_4_State,,,
PI_2_Specialty_6,PI_2_Specialty_6,PI_2_Specialty_6,PI_2_Specialty_6,PI_2_Specialty_6,PI_2_Specialty_6,PI_2_Specialty_6,PI_2_Specialty_6,PI_4_Name_Suffix,PI_4_Zip_Code,,,
PI_2_License_State_code1,PI_2_License_State_code1,PI_2_License_State_code1,PI_2_License_State_code1,PI_2_License_State_code1,PI_2_License_State_code1,PI_2_License_State_code1,PI_2_License_State_code1,PI_4_Business_St_Address_Line1,PI_4_Country,,,
PI_2_License_State_code2,PI_2_License_State_code2,PI_2_License_State_code2,PI_2_License_State_code2,PI_2_License_State_code2,PI_2_License_State_code2,PI_2_License_State_code2,PI_2_License_State_code2,PI_4_Business_St_Address_Line2,PI_4_Province,,,
PI_2_License_State_code3,PI_2_License_State_code3,PI_2_License_State_code3,PI_2_License_State_code3,PI_2_License_State_code3,PI_2_License_State_code3,PI_2_License_State_code3,PI_2_License_State_code3,PI_4_City,PI_4_Postal_Code,,,
PI_2_License_State_code4,PI_2_License_State_code4,PI_2_License_State_code4,PI_2_License_State_code4,PI_2_License_State_code4,PI_2_License_State_code4,PI_2_License_State_code4,PI_2_License_State_code4,PI_4_State,PI_4_Primary_Type_1,,,
PI_2_License_State_code5,PI_2_License_State_code5,PI_2_License_State_code5,PI_2_License_State_code5,PI_2_License_State_code5,PI_2_License_State_code5,PI_2_License_State_code5,PI_2_License_State_code5,PI_4_Zip_Code,PI_4_Specialty_1,,,
PI_3_Covered_Recipient_Type,PI_3_Covered_Recipient_Type,PI_3_Covered_Recipient_Type,PI_3_Covered_Recipient_Type,PI_3_Covered_Recipient_Type,PI_3_Covered_Recipient_Type,PI_3_Covered_Recipient_Type,PI_3_Covered_Recipient_Type,PI_4_Country,PI_4_License_State_code1,,,
PI_3_Profile_ID,PI_3_Profile_ID,PI_3_Profile_ID,PI_3_Profile_ID,PI_3_Profile_ID,PI_3_Profile_ID,PI_3_Profile_ID,PI_3_Profile_ID,PI_4_Province,PI_4_License_State_code2,,,
PI_3_NPI,PI_3_NPI,PI_3_NPI,PI_3_NPI,PI_3_NPI,PI_3_NPI,PI_3_NPI,PI_3_NPI,PI_4_Postal_Code,PI_4_License_State_code3,,,
PI_3_First_Name,PI_3_First_Name,PI_3_First_Name,PI_3_First_Name,PI_3_First_Name,PI_3_First_Name,PI_3_First_Name,PI_3_First_Name,PI_4_Primary_Type_1,PI_4_License_State_code4,,,
PI_3_Middle_Name,PI_3_Middle_Name,PI_3_Middle_Name,PI_3_Middle_Name,PI_3_Middle_Name,PI_3_Middle_Name,PI_3_Middle_Name,PI_3_Middle_Name,PI_4_Specialty_1,PI_4_License_State_code5,,,
PI_3_Last_Name,PI_3_Last_Name,PI_3_Last_Name,PI_3_Last_Name,PI_3_Last_Name,PI_3_Last_Name,PI_3_Last_Name,PI_3_Last_Name,PI_4_License_State_code1,PI_5_Profile_ID,,,
PI_3_Name_Suffix,PI_3_Name_Suffix,PI_3_Name_Suffix,PI_3_Name_Suffix,PI_3_Name_Suffix,PI_3_Name_Suffix,PI_3_Name_Suffix,PI_3_Name_Suffix,PI_4_License_State_code2,PI_5_First_Name,,,
PI_3_Business_St_Address_Line1,PI_3_Business_St_Address_Line1,PI_3_Business_St_Address_Line1,PI_3_Business_St_Address_Line1,PI_3_Business_St_Address_Line1,PI_3_Business_St_Address_Line1,PI_3_Business_St_Address_Line1,PI_3_Business_St_Address_Line1,PI_4_License_State_code3,PI_5_Middle_Name,,,
PI_3_Business_St_Address_Line2,PI_3_Business_St_Address_Line2,PI_3_Business_St_Address_Line2,PI_3_Business_St_Address_Line2,PI_3_Business_St_Address_Line2,PI_3_Business_St_Address_Line2,PI_3_Business_St_Address_Line2,PI_3_Business_St_Address_Line2,PI_4_License_State_code4,PI_5_Last_Name,,,
PI_3_City,PI_3_City,PI_3_City,PI_3_City,PI_3_City,PI_3_City,PI_3_City,PI_3_City,PI_4_License_State_code5,PI_5_Name_Suffix,,,
PI_3_State,PI_3_State,PI_3_State,PI_3_State,PI_3_State,PI_3_State,PI_3_State,PI_3_State,PI_5_Profile_ID,PI_5_Business_St_Address_Line1,,,
PI_3_Zip_Code,PI_3_Zip_Code,PI_3_Zip_Code,PI_3_Zip_Code,PI_3_Zip_Code,PI_3_Zip_Code,PI_3_Zip_Code,PI_3_Zip_Code,PI_5_NPI,PI_5_Business_St_Address_Line2,,,
PI_3_Country,PI_3_Country,PI_3_Country,PI_3_Country,PI_3_Country,PI_3_Country,PI_3_Country,PI_3_Country,PI_5_First_Name,PI_5_City,,,
PI_3_Province,PI_3_Province,PI_3_Province,PI_3_Province,PI_3_Province,PI_3_Province,PI_3_Province,PI_3_Province,PI_5_Middle_Name,PI_5_State,,,
PI_3_Postal_Code,PI_3_Postal_Code,PI_3_Postal_Code,PI_3_Postal_Code,PI_3_Postal_Code,PI_3_Postal_Code,PI_3_Postal_Code,PI_3_Postal_Code,PI_5_Last_Name,PI_5_Zip_Code,,,
PI_3_Primary_Type_1,PI_3_Primary_Type_1,PI_3_Primary_Type_1,PI_3_Primary_Type_1,PI_3_Primary_Type_1,PI_3_Primary_Type_1,PI_3_Primary_Type_1,PI_3_Primary_Type_1,PI_5_Name_Suffix,PI_5_Country,,,
PI_3_Primary_Type_2,PI_3_Primary_Type_2,PI_3_Primary_Type_2,PI_3_Primary_Type_2,PI_3_Primary_Type_2,PI_3_Primary_Type_2,PI_3_Primary_Type_2,PI_3_Primary_Type_2,PI_5_Business_St_Address_Line1,PI_5_Province,,,
PI_3_Primary_Type_3,PI_3_Primary_Type_3,PI_3_Primary_Type_3,PI_3_Primary_Type_3,PI_3_Primary_Type_3,PI_3_Primary_Type_3,PI_3_Primary_Type_3,PI_3_Primary_Type_3,PI_5_Business_St_Address_Line2,PI_5_Postal_Code,,,
PI_3_Primary_Type_4,PI_3_Primary_Type_4,PI_3_Primary_Type_4,PI_3_Primary_Type_4,PI_3_Primary_Type_4,PI_3_Primary_Type_4,PI_3_Primary_Type_4,PI_3_Primary_Type_4,PI_5_City,PI_5_Primary_Type_1,,,
PI_3_Primary_Type_5,PI_3_Primary_Type_5,PI_3_Primary_Type_5,PI_3_Primary_Type_5,PI_3_Primary_Type_5,PI_3_Primary_Type_5,PI_3_Primary_Type_5,PI_3_Primary_Type_5,PI_5_State,PI_5_Specialty_1,,,
PI_3_Primary_Type_6,PI_3_Primary_Type_6,PI_3_Primary_Type_6,PI_3_Primary_Type_6,PI_3_Primary_Type_6,PI_3_Primary_Type_6,PI_3_Primary_Type_6,PI_3_Primary_Type_6,PI_5_Zip_Code,PI_5_License_State_code1,,,
PI_3_Specialty_1,PI_3_Specialty_1,PI_3_Specialty_1,PI_3_Specialty_1,PI_3_Specialty_1,PI_3_Specialty_1,PI_3_Specialty_1,PI_3_Specialty_1,PI_5_Country,PI_5_License_State_code2,,,
PI_3_Specialty_2,PI_3_Specialty_2,PI_3_Specialty_2,PI_3_Specialty_2,PI_3_Specialty_2,PI_3_Specialty_2,PI_3_Specialty_2,PI_3_Specialty_2,PI_5_Province,PI_5_License_State_code3,,,
PI_3_Specialty_3,PI_3_Specialty_3,PI_3_Specialty_3,PI_3_Specialty_3,PI_3_Specialty_3,PI_3_Specialty_3,PI_3_Specialty_3,PI_3_Specialty_3,PI_5_Postal_Code,PI_5_License_State_code4,,,
PI_3_Specialty_4,PI_3_Specialty_4,PI_3_Specialty_4,PI_3_Specialty_4,PI_3_Specialty_4,PI_3_Specialty_4,PI_3_Specialty_4,PI_3_Specialty_4,PI_5_Primary_Type_1,PI_5_License_State_code5,,,
PI_3_Specialty_5,PI_3_Specialty_5,PI_3_Specialty_5,PI_3_Specialty_5,PI_3_Specialty_5,PI_3_Specialty_5,PI_3_Specialty_5,PI_3_Specialty_5,PI_5_Specialty_1,Submit_Applic_Manuf_or_GPO_Name,,,
PI_3_Specialty_6,PI_3_Specialty_6,PI_3_Specialty_6,PI_3_Specialty_6,PI_3_Specialty_6,PI_3_Specialty_6,PI_3_Specialty_6,PI_3_Specialty_6,PI_5_License_State_code1,Applic_Manuf_or_GPO_Paying_ID,,,
PI_3_License_State_code1,PI_3_License_State_code1,PI_3_License_State_code1,PI_3_License_State_code1,PI_3_License_State_code1,PI_3_License_State_code1,PI_3_License_State_code1,PI_3_License_State_code1,PI_5_License_State_code2,Applic_Manuf_or_GPO_Paying_Name,,,
PI_3_License_State_code2,PI_3_License_State_code2,PI_3_License_State_code2,PI_3_License_State_code2,PI_3_License_State_code2,PI_3_License_State_code2,PI_3_License_State_code2,PI_3_License_State_code2,PI_5_License_State_code3,Applic_Manuf_or_GPO_Paying_State,,,
PI_3_License_State_code3,PI_3_License_State_code3,PI_3_License_State_code3,PI_3_License_State_code3,PI_3_License_State_code3,PI_3_License_State_code3,PI_3_License_State_code3,PI_3_License_State_code3,PI_5_License_State_code4,Applic_Manuf_GPO_Paying_Country,,,
PI_3_License_State_code4,PI_3_License_State_code4,PI_3_License_State_code4,PI_3_License_State_code4,PI_3_License_State_code4,PI_3_License_State_code4,PI_3_License_State_code4,PI_3_License_State_code4,PI_5_License_State_code5,Related_Product_Indicator,,,
PI_3_License_State_code5,PI_3_License_State_code5,PI_3_License_State_code5,PI_3_License_State_code5,PI_3_License_State_code5,PI_3_License_State_code5,PI_3_License_State_code5,PI_3_License_State_code5,Submit_Applic_Manuf_or_GPO_Name,Assoc_Drug_or_Biological_NDC_1,,,
PI_4_Covered_Recipient_Type,PI_4_Covered_Recipient_Type,PI_4_Covered_Recipient_Type,PI_4_Covered_Recipient_Type,PI_4_Covered_Recipient_Type,PI_4_Covered_Recipient_Type,PI_4_Covered_Recipient_Type,PI_4_Covered_Recipient_Type,Applic_Manuf_or_GPO_Paying_ID,Assoc_Drug_or_Biological_NDC_2,,,
PI_4_Profile_ID,PI_4_Profile_ID,PI_4_Profile_ID,PI_4_Profile_ID,PI_4_Profile_ID,PI_4_Profile_ID,PI_4_Profile_ID,PI_4_Profile_ID,Applic_Manuf_or_GPO_Paying_Name,Assoc_Drug_or_Biological_NDC_3,,,
PI_4_NPI,PI_4_NPI,PI_4_NPI,PI_4_NPI,PI_4_NPI,PI_4_NPI,PI_4_NPI,PI_4_NPI,Applic_Manuf_or_GPO_Paying_State,Assoc_Drug_or_Biological_NDC_4,,,
PI_4_First_Name,PI_4_First_Name,PI_4_First_Name,PI_4_First_Name,PI_4_First_Name,PI_4_First_Name,PI_4_First_Name,PI_4_First_Name,Applic_Manuf_GPO_Paying_Country,Assoc_Drug_or_Biological_NDC_5,,,
PI_4_Middle_Name,PI_4_Middle_Name,PI_4_Middle_Name,PI_4_Middle_Name,PI_4_Middle_Name,PI_4_Middle_Name,PI_4_Middle_Name,PI_4_Middle_Name,Related_Product_Indicator,Total_Amt_of_Payment_USDollars,,,
PI_4_Last_Name,PI_4_Last_Name,PI_4_Last_Name,PI_4_Last_Name,PI_4_Last_Name,PI_4_Last_Name,PI_4_Last_Name,PI_4_Last_Name,Assoc_Drug_or_Biological_NDC_1,Date_of_Payment,,,
PI_4_Name_Suffix,PI_4_Name_Suffix,PI_4_Name_Suffix,PI_4_Name_Suffix,PI_4_Name_Suffix,PI_4_Name_Suffix,PI_4_Name_Suffix,PI_4_Name_Suffix,Assoc_Drug_or_Biological_NDC_2,Form_Payment_or_Transfer_Value,,,
PI_4_Business_St_Address_Line1,PI_4_Business_St_Address_Line1,PI_4_Business_St_Address_Line1,PI_4_Business_St_Address_Line1,PI_4_Business_St_Address_Line1,PI_4_Business_St_Address_Line1,PI_4_Business_St_Address_Line1,PI_4_Business_St_Address_Line1,Assoc_Drug_or_Biological_NDC_3,Expenditure_Category1,,,
PI_4_Business_St_Address_Line2,PI_4_Business_St_Address_Line2,PI_4_Business_St_Address_Line2,PI_4_Business_St_Address_Line2,PI_4_Business_St_Address_Line2,PI_4_Business_St_Address_Line2,PI_4_Business_St_Address_Line2,PI_4_Business_St_Address_Line2,Assoc_Drug_or_Biological_NDC_4,Expenditure_Category2,,,
PI_4_City,PI_4_City,PI_4_City,PI_4_City,PI_4_City,PI_4_City,PI_4_City,PI_4_City,Assoc_Drug_or_Biological_NDC_5,Expenditure_Category3,,,
PI_4_State,PI_4_State,PI_4_State,PI_4_State,PI_4_State,PI_4_State,PI_4_State,PI_4_State,Total_Amt_of_Payment_USDollars,Expenditure_Category4,,,
PI_4_Zip_Code,PI_4_Zip_Code,PI_4_Zip_Code,PI_4_Zip_Code,PI_4_Zip_Code,PI_4_Zip_Code,PI_4_Zip_Code,PI_4_Zip_Code,Date_of_Payment,Expenditure_Category5,,,
PI_4_Country,PI_4_Country,PI_4_Country,PI_4_Country,PI_4_Country,PI_4_Country,PI_4_Country,PI_4_Country,Form_Payment_or_Transfer_Value,Expenditure_Category6,,,
PI_4_Province,PI_4_Province,PI_4_Province,PI_4_Province,PI_4_Province,PI_4_Province,PI_4_Province,PI_4_Province,Expenditure_Category1,Preclinical_Research_Indicator,,,
PI_4_Postal_Code,PI_4_Postal_Code,PI_4_Postal_Code,PI_4_Postal_Code,PI_4_Postal_Code,PI_4_Postal_Code,PI_4_Postal_Code,PI_4_Postal_Code,Expenditure_Category2,Delay_in_Publication_Indicator,,,
PI_4_Primary_Type_1,PI_4_Primary_Type_1,PI_4_Primary_Type_1,PI_4_Primary_Type_1,PI_4_Primary_Type_1,PI_4_Primary_Type_1,PI_4_Primary_Type_1,PI_4_Primary_Type_1,Expenditure_Category3,Name_of_Study,,,
PI_4_Primary_Type_2,PI_4_Primary_Type_2,PI_4_Primary_Type_2,PI_4_Primary_Type_2,PI_4_Primary_Type_2,PI_4_Primary_Type_2,PI_4_Primary_Type_2,PI_4_Primary_Type_2,Expenditure_Category4,Dispute_Status_for_Publication,,,
PI_4_Primary_Type_3,PI_4_Primary_Type_3,PI_4_Primary_Type_3,PI_4_Primary_Type_3,PI_4_Primary_Type_3,PI_4_Primary_Type_3,PI_4_Primary_Type_3,PI_4_Primary_Type_3,Expenditure_Category5,Record_ID,,,
PI_4_Primary_Type_4,PI_4_Primary_Type_4,PI_4_Primary_Type_4,PI_4_Primary_Type_4,PI_4_Primary_Type_4,PI_4_Primary_Type_4,PI_4_Primary_Type_4,PI_4_Primary_Type_4,Expenditure_Category6,Program_Year,,,
PI_4_Primary_Type_5,PI_4_Primary_Type_5,PI_4_Primary_Type_5,PI_4_Primary_Type_5,PI_4_Primary_Type_5,PI_4_Primary_Type_5,PI_4_Primary_Type_5,PI_4_Primary_Type_5,Preclinical_Research_Indicator,Payment_Publication_Date,,,
PI_4_Primary_Type_6,PI_4_Primary_Type_6,PI_4_Primary_Type_6,PI_4_Primary_Type_6,PI_4_Primary_Type_6,PI_4_Primary_Type_6,PI_4_Primary_Type_6,PI_4_Primary_Type_6,Delay_in_Publication_Indicator,ClinicalTrials_Gov_Identifier,,,
PI_4_Specialty_1,PI_4_Specialty_1,PI_4_Specialty_1,PI_4_Specialty_1,PI_4_Specialty_1,PI_4_Specialty_1,PI_4_Specialty_1,PI_4_Specialty_1,Name_of_Study,Research_Information_Link,,,
PI_4_Specialty_2,PI_4_Specialty_2,PI_4_Specialty_2,PI_4_Specialty_2,PI_4_Specialty_2,PI_4_Specialty_2,PI_4_Specialty_2,PI_4_Specialty_2,Dispute_Status_for_Publication,Context_of_Research,,,
PI_4_Specialty_3,PI_4_Specialty_3,PI_4_Specialty_3,PI_4_Specialty_3,PI_4_Specialty_3,PI_4_Specialty_3,PI_4_Specialty_3,PI_4_Specialty_3,Record_ID,Drug_Biological_Device_Med_Sup_1,,,
PI_4_Specialty_4,PI_4_Specialty_4,PI_4_Specialty_4,PI_4_Specialty_4,PI_4_Specialty_4,PI_4_Specialty_4,PI_4_Specialty_4,PI_4_Specialty_4,Program_Year,Drug_Biological_Device_Med_Sup_2,,,
PI_4_Specialty_5,PI_4_Specialty_5,PI_4_Specialty_5,PI_4_Specialty_5,PI_4_Specialty_5,PI_4_Specialty_5,PI_4_Specialty_5,PI_4_Specialty_5,Payment_Publication_Date,Drug_Biological_Device_Med_Sup_3,,,
PI_4_Specialty_6,PI_4_Specialty_6,PI_4_Specialty_6,PI_4_Specialty_6,PI_4_Specialty_6,PI_4_Specialty_6,PI_4_Specialty_6,PI_4_Specialty_6,ClinicalTrials_Gov_Identifier,Drug_Biological_Device_Med_Sup_4,,,
PI_4_License_State_code1,PI_4_License_State_code1,PI_4_License_State_code1,PI_4_License_State_code1,PI_4_License_State_code1,PI_4_License_State_code1,PI_4_License_State_code1,PI_4_License_State_code1,Research_Information_Link,Drug_Biological_Device_Med_Sup_5,,,
PI_4_License_State_code2,PI_4_License_State_code2,PI_4_License_State_code2,PI_4_License_State_code2,PI_4_License_State_code2,PI_4_License_State_code2,PI_4_License_State_code2,PI_4_License_State_code2,Context_of_Research,,,,
PI_4_License_State_code3,PI_4_License_State_code3,PI_4_License_State_code3,PI_4_License_State_code3,PI_4_License_State_code3,PI_4_License_State_code3,PI_4_License_State_code3,PI_4_License_State_code3,Drug_Biological_Device_Med_Sup_1,,,,
PI_4_License_State_code4,PI_4_License_State_code4,PI_4_License_State_code4,PI_4_License_State_code4,PI_4_License_State_code4,PI_4_License_State_code4,PI_4_License_State_code4,PI_4_License_State_code4,Drug_Biological_Device_Med_Sup_2,,,,
PI_4_License_State_code5,PI_4_License_State_code5,PI_4_License_State_code5,PI_4_License_State_code5,PI_4_License_State_code5,PI_4_License_State_code5,PI_4_License_State_code5,PI_4_License_State_code5,Drug_Biological_Device_Med_Sup_3,,,,
PI_5_Covered_Recipient_Type,PI_5_Covered_Recipient_Type,PI_5_Covered_Recipient_Type,PI_5_Covered_Recipient_Type,PI_5_Covered_Recipient_Type,PI_5_Covered_Recipient_Type,PI_5_Covered_Recipient_Type,PI_5_Covered_Recipient_Type,Drug_Biological_Device_Med_Sup_4,,,,
PI_5_Profile_ID,PI_5_Profile_ID,PI_5_Profile_ID,PI_5_Profile_ID,PI_5_Profile_ID,PI_5_Profile_ID,PI_5_Profile_ID,PI_5_Profile_ID,Drug_Biological_Device_Med_Sup_5,,,,
PI_5_NPI,PI_5_NPI,PI_5_NPI,PI_5_NPI,PI_5_NPI,PI_5_NPI,PI_5_NPI,PI_5_NPI,,,,,
PI_5_First_Name,PI_5_First_Name,PI_5_First_Name,PI_5_First_Name,PI_5_First_Name,PI_5_First_Name,PI_5_First_Name,PI_5_First_Name,,,,,
PI_5_Middle_Name,PI_5_Middle_Name,PI_5_Middle_Name,PI_5_Middle_Name,PI_5_Middle_Name,PI_5_Middle_Name,PI_5_Middle_Name,PI_5_Middle_Name,,,,,
PI_5_Last_Name,PI_5_Last_Name,PI_5_Last_Name,PI_5_Last_Name,PI_5_Last_Name,PI_5_Last_Name,PI_5_Last_Name,PI_5_Last_Name,,,,,
PI_5_Name_Suffix,PI_5_Name_Suffix,PI_5_Name_Suffix,PI_5_Name_Suffix,PI_5_Name_Suffix,PI_5_Name_Suffix,PI_5_Name_Suffix,PI_5_Name_Suffix,,,,,TRUE
PI_5_Business_St_Address_Line1,PI_5_Business_St_Address_Line1,PI_5_Business_St_Address_Line1,PI_5_Business_St_Address_Line1,PI_5_Business_St_Address_Line1,PI_5_Business_St_Address_Line1,PI_5_Business_St_Address_Line1,PI_5_Business_St_Address_Line1,,,,,TRUE
PI_5_Business_St_Address_Line2,PI_5_Business_St_Address_Line2,PI_5_Business_St_Address_Line2,PI_5_Business_St_Address_Line2,PI_5_Business_St_Address_Line2,PI_5_Business_St_Address_Line2,PI_5_Business_St_Address_Line2,PI_5_Business_St_Address_Line2,,,,,TRUE
PI_5_City,PI_5_City,PI_5_City,PI_5_City,PI_5_City,PI_5_City,PI_5_City,PI_5_City,,,,,TRUE
PI_5_State,PI_5_State,PI_5_State,PI_5_State,PI_5_State,PI_5_State,PI_5_State,PI_5_State,,,,,TRUE
PI_5_Zip_Code,PI_5_Zip_Code,PI_5_Zip_Code,PI_5_Zip_Code,PI_5_Zip_Code,PI_5_Zip_Code,PI_5_Zip_Code,PI_5_Zip_Code,,,,,TRUE
PI_5_Country,PI_5_Country,PI_5_Country,PI_5_Country,PI_5_Country,PI_5_Country,PI_5_Country,PI_5_Country,,,,,TRUE
PI_5_Province,PI_5_Province,PI_5_Province,PI_5_Province,PI_5_Province,PI_5_Province,PI_5_Province,PI_5_Province,,,,,TRUE
PI_5_Postal_Code,PI_5_Postal_Code,PI_5_Postal_Code,PI_5_Postal_Code,PI_5_Postal_Code,PI_5_Postal_Code,PI_5_Postal_Code,PI_5_Postal_Code,,,,,TRUE
PI_5_Primary_Type_1,PI_5_Primary_Type_1,PI_5_Primary_Type_1,PI_5_Primary_Type_1,PI_5_Primary_Type_1,PI_5_Primary_Type_1,PI_5_Primary_Type_1,PI_5_Primary_Type_1,,,,,TRUE
PI_5_Primary_Type_2,PI_5_Primary_Type_2,PI_5_Primary_Type_2,PI_5_Primary_Type_2,PI_5_Primary_Type_2,PI_5_Primary_Type_2,PI_5_Primary_Type_2,PI_5_Primary_Type_2,,,,,TRUE
PI_5_Primary_Type_3,PI_5_Primary_Type_3,PI_5_Primary_Type_3,PI_5_Primary_Type_3,PI_5_Primary_Type_3,PI_5_Primary_Type_3,PI_5_Primary_Type_3,PI_5_Primary_Type_3,,,,,TRUE
PI_5_Primary_Type_4,PI_5_Primary_Type_4,PI_5_Primary_Type_4,PI_5_Primary_Type_4,PI_5_Primary_Type_4,PI_5_Primary_Type_4,PI_5_Primary_Type_4,PI_5_Primary_Type_4,,,,,TRUE
PI_5_Primary_Type_5,PI_5_Primary_Type_5,PI_5_Primary_Type_5,PI_5_Primary_Type_5,PI_5_Primary_Type_5,PI_5_Primary_Type_5,PI_5_Primary_Type_5,PI_5_Primary_Type_5,,,,,TRUE
PI_5_Primary_Type_6,PI_5_Primary_Type_6,PI_5_Primary_Type_6,PI_5_Primary_Type_6,PI_5_Primary_Type_6,PI_5_Primary_Type_6,PI_5_Primary_Type_6,PI_5_Primary_Type_6,,,,,TRUE
PI_5_Specialty_1,PI_5_Specialty_1,PI_5_Specialty_1,PI_5_Specialty_1,PI_5_Specialty_1,PI_5_Specialty_1,PI_5_Specialty_1,PI_5_Specialty_1,,,,,TRUE
PI_5_Specialty_2,PI_5_Specialty_2,PI_5_Specialty_2,PI_5_Specialty_2,PI_5_Specialty_2,PI_5_Specialty_2,PI_5_Specialty_2,PI_5_Specialty_2,,,,,TRUE
PI_5_Specialty_3,PI_5_Specialty_3,PI_5_Specialty_3,PI_5_Specialty_3,PI_5_Specialty_3,PI_5_Specialty_3,PI_5_Specialty_3,PI_5_Specialty_3,,,,,TRUE
PI_5_Specialty_4,PI_5_Specialty_4,PI_5_Specialty_4,PI_5_Specialty_4,PI_5_Specialty_4,PI_5_Specialty_4,PI_5_Specialty_4,PI_5_Specialty_4,,,,,TRUE
PI_5_Specialty_5,PI_5_Specialty_5,PI_5_Specialty_5,PI_5_Specialty_5,PI_5_Specialty_5,PI_5_Specialty_5,PI_5_Specialty_5,PI_5_Specialty_5,,,,,TRUE
PI_5_Specialty_6,PI_5_Specialty_6,PI_5_Specialty_6,PI_5_Specialty_6,PI_5_Specialty_6,PI_5_Specialty_6,PI_5_Specialty_6,PI_5_Specialty_6,,,,,TRUE
PI_5_License_State_code1,PI_5_License_State_code1,PI_5_License_State_code1,PI_5_License_State_code1,PI_5_License_State_code1,PI_5_License_State_code1,PI_5_License_State_code1,PI_5_License_State_code1,,,,,TRUE
PI_5_License_State_code2,PI_5_License_State_code2,PI_5_License_State_code2,PI_5_License_State_code2,PI_5_License_State_code2,PI_5_License_State_code2,PI_5_License_State_code2,PI_5_License_State_code2,,,,,TRUE
PI_5_License_State_code3,PI_5_License_State_code3,PI_5_License_State_code3,PI_5_License_State_code3,PI_5_License_State_code3,PI_5_License_State_code3,PI_5_License_State_code3,PI_5_License_State_code3,,,,,TRUE
PI_5_License_State_code4,PI_5_License_State_code4,PI_5_License_State_code4,PI_5_License_State_code4,PI_5_License_State_code4,PI_5_License_State_code4,PI_5_License_State_code4,PI_5_License_State_code4,,,,,TRUE
PI_5_License_State_code5,PI_5_License_State_code5,PI_5_License_State_code5,PI_5_License_State_code5,PI_5_License_State_code5,PI_5_License_State_code5,PI_5_License_State_code5,PI_5_License_State_code5,,,,,TRUE
Submit_Applic_Manuf_or_GPO_Name,Submit_Applic_Manuf_or_GPO_Name,Submit_Applic_Manuf_or_GPO_Name,Submit_Applic_Manuf_or_GPO_Name,Submit_Applic_Manuf_or_GPO_Name,Submit_Applic_Manuf_or_GPO_Name,Submit_Applic_Manuf_or_GPO_Name,Submit_Applic_Manuf_or_GPO_Name,,,,,TRUE
Applic_Manuf_or_GPO_Paying_ID,Applic_Manuf_or_GPO_Paying_ID,Applic_Manuf_or_GPO_Paying_ID,Applic_Manuf_or_GPO_Paying_ID,Applic_Manuf_or_GPO_Paying_ID,Applic_Manuf_or_GPO_Paying_ID,Applic_Manuf_or_GPO_Paying_ID,Applic_Manuf_or_GPO_Paying_ID,,,,,TRUE
Applic_Manuf_or_GPO_Paying_Name,Applic_Manuf_or_GPO_Paying_Name,Applic_Manuf_or_GPO_Paying_Name,Applic_Manuf_or_GPO_Paying_Name,Applic_Manuf_or_GPO_Paying_Name,Applic_Manuf_or_GPO_Paying_Name,Applic_Manuf_or_GPO_Paying_Name,Applic_Manuf_or_GPO_Paying_Name,,,,,TRUE
Applic_Manuf_or_GPO_Paying_State,Applic_Manuf_or_GPO_Paying_State,Applic_Manuf_or_GPO_Paying_State,Applic_Manuf_or_GPO_Paying_State,Applic_Manuf_or_GPO_Paying_State,Applic_Manuf_or_GPO_Paying_State,Applic_Manuf_or_GPO_Paying_State,Applic_Manuf_or_GPO_Paying_State,,,,,TRUE
Applic_Manuf_GPO_Paying_Country,Applic_Manuf_GPO_Paying_Country,Applic_Manuf_GPO_Paying_Country,Applic_Manuf_GPO_Paying_Country,Applic_Manuf_GPO_Paying_Country,Applic_Manuf_GPO_Paying_Country,Applic_Manuf_GPO_Paying_Country,Applic_Manuf_GPO_Paying_Country,,,,,TRUE
Related_Product_Indicator,Related_Product_Indicator,Related_Product_Indicator,Related_Product_Indicator,Related_Product_Indicator,Related_Product_Indicator,Related_Product_Indicator,Related_Product_Indicator,,,,,TRUE
Covered_or_Noncovered_Ind_1,Covered_or_Noncovered_Ind_1,Covered_or_Noncovered_Ind_1,Covered_or_Noncovered_Ind_1,Covered_or_Noncovered_Ind_1,Covered_or_Noncovered_Ind_1,Covered_or_Noncovered_Ind_1,Covered_or_Noncovered_Ind_1,,,,,TRUE
Ind_Drug_Biolog_Device_Med_Sup_1,Ind_Drug_Biolog_Device_Med_Sup_1,Ind_Drug_Biolog_Device_Med_Sup_1,Ind_Drug_Biolog_Device_Med_Sup_1,Ind_Drug_Biolog_Device_Med_Sup_1,Ind_Drug_Biolog_Device_Med_Sup_1,Ind_Drug_Biolog_Device_Med_Sup_1,Ind_Drug_Biolog_Device_Med_Sup_1,,,,,TRUE
Product_Cat_Therapeutic_Area_1,Product_Cat_Therapeutic_Area_1,Product_Cat_Therapeutic_Area_1,Product_Cat_Therapeutic_Area_1,Product_Cat_Therapeutic_Area_1,Product_Cat_Therapeutic_Area_1,Product_Cat_Therapeutic_Area_1,Product_Cat_Therapeutic_Area_1,,,,,TRUE
Drug_Biological_Device_Med_Sup_1,Drug_Biological_Device_Med_Sup_1,Drug_Biological_Device_Med_Sup_1,Drug_Biological_Device_Med_Sup_1,Drug_Biological_Device_Med_Sup_1,Drug_Biological_Device_Med_Sup_1,Drug_Biological_Device_Med_Sup_1,Drug_Biological_Device_Med_Sup_1,,,,,TRUE
Assoc_Drug_or_Biological_NDC_1,Assoc_Drug_or_Biological_NDC_1,Assoc_Drug_or_Biological_NDC_1,Assoc_Drug_or_Biological_NDC_1,Assoc_Drug_or_Biological_NDC_1,Assoc_Drug_or_Biological_NDC_1,Assoc_Drug_or_Biological_NDC_1,Assoc_Drug_or_Biological_NDC_1,,,,,TRUE
Assoc_Device_or_Med_Sup_PDI_1,Assoc_Device_or_Med_Sup_PDI_1,Assoc_Device_or_Med_Sup_PDI_1,Assoc_Device_or_Med_Sup_PDI_1,Assoc_Device_or_Med_Sup_PDI_1,Assoc_Device_or_Med_Sup_PDI_1,Assoc_Device_or_Med_Sup_PDI_1,Assoc_Device_or_Med_Sup_PDI_1,,,,,TRUE
Covered_or_Noncovered_Ind_2,Covered_or_Noncovered_Ind_2,Covered_or_Noncovered_Ind_2,Covered_or_Noncovered_Ind_2,Covered_or_Noncovered_Ind_2,Covered_or_Noncovered_Ind_2,Covered_or_Noncovered_Ind_2,Covered_or_Noncovered_Ind_2,,,,,TRUE
Ind_Drug_Biolog_Device_Med_Sup_2,Ind_Drug_Biolog_Device_Med_Sup_2,Ind_Drug_Biolog_Device_Med_Sup_2,Ind_Drug_Biolog_Device_Med_Sup_2,Ind_Drug_Biolog_Device_Med_Sup_2,Ind_Drug_Biolog_Device_Med_Sup_2,Ind_Drug_Biolog_Device_Med_Sup_2,Ind_Drug_Biolog_Device_Med_Sup_2,,,,,TRUE
Product_Cat_Therapeutic_Area_2,Product_Cat_Therapeutic_Area_2,Product_Cat_Therapeutic_Area_2,Product_Cat_Therapeutic_Area_2,Product_Cat_Therapeutic_Area_2,Product_Cat_Therapeutic_Area_2,Product_Cat_Therapeutic_Area_2,Product_Cat_Therapeutic_Area_2,,,,,TRUE
Drug_Biological_Device_Med_Sup_2,Drug_Biological_Device_Med_Sup_2,Drug_Biological_Device_Med_Sup_2,Drug_Biological_Device_Med_Sup_2,Drug_Biological_Device_Med_Sup_2,Drug_Biological_Device_Med_Sup_2,Drug_Biological_Device_Med_Sup_2,Drug_Biological_Device_Med_Sup_2,,,,,TRUE
Assoc_Drug_or_Biological_NDC_2,Assoc_Drug_or_Biological_NDC_2,Assoc_Drug_or_Biological_NDC_2,Assoc_Drug_or_Biological_NDC_2,Assoc_Drug_or_Biological_NDC_2,Assoc_Drug_or_Biological_NDC_2,Assoc_Drug_or_Biological_NDC_2,Assoc_Drug_or_Biological_NDC_2,,,,,TRUE
Assoc_Device_or_Med_Sup_PDI_2,Assoc_Device_or_Med_Sup_PDI_2,Assoc_Device_or_Med_Sup_PDI_2,Assoc_Device_or_Med_Sup_PDI_2,Assoc_Device_or_Med_Sup_PDI_2,Assoc_Device_or_Med_Sup_PDI_2,Assoc_Device_or_Med_Sup_PDI_2,Assoc_Device_or_Med_Sup_PDI_2,,,,,TRUE
Covered_or_Noncovered_Ind_3,Covered_or_Noncovered_Ind_3,Covered_or_Noncovered_Ind_3,Covered_or_Noncovered_Ind_3,Covered_or_Noncovered_Ind_3,Covered_or_Noncovered_Ind_3,Covered_or_Noncovered_Ind_3,Covered_or_Noncovered_Ind_3,,,,,TRUE
Ind_Drug_Biolog_Device_Med_Sup_3,Ind_Drug_Biolog_Device_Med_Sup_3,Ind_Drug_Biolog_Device_Med_Sup_3,Ind_Drug_Biolog_Device_Med_Sup_3,Ind_Drug_Biolog_Device_Med_Sup_3,Ind_Drug_Biolog_Device_Med_Sup_3,Ind_Drug_Biolog_Device_Med_Sup_3,Ind_Drug_Biolog_Device_Med_Sup_3,,,,,TRUE
Product_Cat_Therapeutic_Area_3,Product_Cat_Therapeutic_Area_3,Product_Cat_Therapeutic_Area_3,Product_Cat_Therapeutic_Area_3,Product_Cat_Therapeutic_Area_3,Product_Cat_Therapeutic_Area_3,Product_Cat_Therapeutic_Area_3,Product_Cat_Therapeutic_Area_3,,,,,TRUE
Drug_Biological_Device_Med_Sup_3,Drug_Biological_Device_Med_Sup_3,Drug_Biological_Device_Med_Sup_3,Drug_Biological_Device_Med_Sup_3,Drug_Biological_Device_Med_Sup_3,Drug_Biological_Device_Med_Sup_3,Drug_Biological_Device_Med_Sup_3,Drug_Biological_Device_Med_Sup_3,,,,,TRUE
Assoc_Drug_or_Biological_NDC_3,Assoc_Drug_or_Biological_NDC_3,Assoc_Drug_or_Biological_NDC_3,Assoc_Drug_or_Biological_NDC_3,Assoc_Drug_or_Biological_NDC_3,Assoc_Drug_or_Biological_NDC_3,Assoc_Drug_or_Biological_NDC_3,Assoc_Drug_or_Biological_NDC_3,,,,,TRUE
Assoc_Device_or_Med_Sup_PDI_3,Assoc_Device_or_Med_Sup_PDI_3,Assoc_Device_or_Med_Sup_PDI_3,Assoc_Device_or_Med_Sup_PDI_3,Assoc_Device_or_Med_Sup_PDI_3,Assoc_Device_or_Med_Sup_PDI_3,Assoc_Device_or_Med_Sup_PDI_3,Assoc_Device_or_Med_Sup_PDI_3,,,,,TRUE
Covered_or_Noncovered_Ind_4,Covered_or_Noncovered_Ind_4,Covered_or_Noncovered_Ind_4,Covered_or_Noncovered_Ind_4,Covered_or_Noncovered_Ind_4,Covered_or_Noncovered_Ind_4,Covered_or_Noncovered_Ind_4,Covered_or_Noncovered_Ind_4,,,,,TRUE
Ind_Drug_Biolog_Device_Med_Sup_4,Ind_Drug_Biolog_Device_Med_Sup_4,Ind_Drug_Biolog_Device_Med_Sup_4,Ind_Drug_Biolog_Device_Med_Sup_4,Ind_Drug_Biolog_Device_Med_Sup_4,Ind_Drug_Biolog_Device_Med_Sup_4,Ind_Drug_Biolog_Device_Med_Sup_4,Ind_Drug_Biolog_Device_Med_Sup_4,,,,,TRUE
Product_Cat_Therapeutic_Area_4,Product_Cat_Therapeutic_Area_4,Product_Cat_Therapeutic_Area_4,Product_Cat_Therapeutic_Area_4,Product_Cat_Therapeutic_Area_4,Product_Cat_Therapeutic_Area_4,Product_Cat_Therapeutic_Area_4,Product_Cat_Therapeutic_Area_4,,,,,TRUE
Drug_Biological_Device_Med_Sup_4,Drug_Biological_Device_Med_Sup_4,Drug_Biological_Device_Med_Sup_4,Drug_Biological_Device_Med_Sup_4,Drug_Biological_Device_Med_Sup_4,Drug_Biological_Device_Med_Sup_4,Drug_Biological_Device_Med_Sup_4,Drug_Biological_Device_Med_Sup_4,,,,,TRUE
Assoc_Drug_or_Biological_NDC_4,Assoc_Drug_or_Biological_NDC_4,Assoc_Drug_or_Biological_NDC_4,Assoc_Drug_or_Biological_NDC_4,Assoc_Drug_or_Biological_NDC_4,Assoc_Drug_or_Biological_NDC_4,Assoc_Drug_or_Biological_NDC_4,Assoc_Drug_or_Biological_NDC_4,,,,,TRUE
Assoc_Device_or_Med_Sup_PDI_4,Assoc_Device_or_Med_Sup_PDI_4,Assoc_Device_or_Med_Sup_PDI_4,Assoc_Device_or_Med_Sup_PDI_4,Assoc_Device_or_Med_Sup_PDI_4,Assoc_Device_or_Med_Sup_PDI_4,Assoc_Device_or_Med_Sup_PDI_4,Assoc_Device_or_Med_Sup_PDI_4,,,,,TRUE
Covered_or_Noncovered_Ind_5,Covered_or_Noncovered_Ind_5,Covered_or_Noncovered_Ind_5,Covered_or_Noncovered_Ind_5,Covered_or_Noncovered_Ind_5,Covered_or_Noncovered_Ind_5,Covered_or_Noncovered_Ind_5,Covered_or_Noncovered_Ind_5,,,,,TRUE
Ind_Drug_Biolog_Device_Med_Sup_5,Ind_Drug_Biolog_Device_Med_Sup_5,Ind_Drug_Biolog_Device_Med_Sup_5,Ind_Drug_Biolog_Device_Med_Sup_5,Ind_Drug_Biolog_Device_Med_Sup_5,Ind_Drug_Biolog_Device_Med_Sup_5,Ind_Drug_Biolog_Device_Med_Sup_5,Ind_Drug_Biolog_Device_Med_Sup_5,,,,,TRUE
Product_Cat_Therapeutic_Area_5,Product_Cat_Therapeutic_Area_5,Product_Cat_Therapeutic_Area_5,Product_Cat_Therapeutic_Area_5,Product_Cat_Therapeutic_Area_5,Product_Cat_Therapeutic_Area_5,Product_Cat_Therapeutic_Area_5,Product_Cat_Therapeutic_Area_5,,,,,TRUE
Drug_Biological_Device_Med_Sup_5,Drug_Biological_Device_Med_Sup_5,Drug_Biological_Device_Med_Sup_5,Drug_Biological_Device_Med_Sup_5,Drug_Biological_Device_Med_Sup_5,Drug_Biological_Device_Med_Sup_5,Drug_Biological_Device_Med_Sup_5,Drug_Biological_Device_Med_Sup_5,,,,,TRUE
Assoc_Drug_or_Biological_NDC_5,Assoc_Drug_or_Biological_NDC_5,Assoc_Drug_or_Biological_NDC_5,Assoc_Drug_or_Biological_NDC_5,Assoc_Drug_or_Biological_NDC_5,Assoc_Drug_or_Biological_NDC_5,Assoc_Drug_or_Biological_NDC_5,Assoc_Drug_or_Biological_NDC_5,,,,,TRUE
Assoc_Device_or_Med_Sup_PDI_5,Assoc_Device_or_Med_Sup_PDI_5,Assoc_Device_or_Med_Sup_PDI_5,Assoc_Device_or_Med_Sup_PDI_5,Assoc_Device_or_Med_Sup_PDI_5,Assoc_Device_or_Med_Sup_PDI_5,Assoc_Device_or_Med_Sup_PDI_5,Assoc_Device_or_Med_Sup_PDI_5,,,,,TRUE
Total_Amt_of_Payment_USDollars,Total_Amt_of_Payment_USDollars,Total_Amt_of_Payment_USDollars,Total_Amt_of_Payment_USDollars,Total_Amt_of_Payment_USDollars,Total_Amt_of_Payment_USDollars,Total_Amt_of_Payment_USDollars,Total_Amt_of_Payment_USDollars,,,,,TRUE
Date_of_Payment,Date_of_Payment,Date_of_Payment,Date_of_Payment,Date_of_Payment,Date_of_Payment,Date_of_Payment,Date_of_Payment,,,,,TRUE
Form_Payment_or_Transfer_Value,Form_Payment_or_Transfer_Value,Form_Payment_or_Transfer_Value,Form_Payment_or_Transfer_Value,Form_Payment_or_Transfer_Value,Form_Payment_or_Transfer_Value,Form_Payment_or_Transfer_Value,Form_Payment_or_Transfer_Value,,,,,TRUE
Expenditure_Category1,Expenditure_Category1,Expenditure_Category1,Expenditure_Category1,Expenditure_Category1,Expenditure_Category1,Expenditure_Category1,Expenditure_Category1,,,,,TRUE
Expenditure_Category2,Expenditure_Category2,Expenditure_Category2,Expenditure_Category2,Expenditure_Category2,Expenditure_Category2,Expenditure_Category2,Expenditure_Category2,,,,,TRUE
Expenditure_Category3,Expenditure_Category3,Expenditure_Category3,Expenditure_Category3,Expenditure_Category3,Expenditure_Category3,Expenditure_Category3,Expenditure_Category3,,,,,TRUE
Expenditure_Category4,Expenditure_Category4,Expenditure_Category4,Expenditure_Category4,Expenditure_Category4,Expenditure_Category4,Expenditure_Category4,Expenditure_Category4,,,,,TRUE
Expenditure_Category5,Expenditure_Category5,Expenditure_Category5,Expenditure_Category5,Expenditure_Category5,Expenditure_Category5,Expenditure_Category5,Expenditure_Category5,,,,,TRUE
Expenditure_Category6,Expenditure_Category6,Expenditure_Category6,Expenditure_Category6,Expenditure_Category6,Expenditure_Category6,Expenditure_Category6,Expenditure_Category6,,,,,TRUE
Preclinical_Research_Indicator,Preclinical_Research_Indicator,Preclinical_Research_Indicator,Preclinical_Research_Indicator,Preclinical_Research_Indicator,Preclinical_Research_Indicator,Preclinical_Research_Indicator,Preclinical_Research_Indicator,,,,,TRUE
Delay_in_Publication_Indicator,Delay_in_Publication_Indicator,Delay_in_Publication_Indicator,Delay_in_Publication_Indicator,Delay_in_Publication_Indicator,Delay_in_Publication_Indicator,Delay_in_Publication_Indicator,Delay_in_Publication_Indicator,,,,,TRUE
Name_of_Study,Name_of_Study,Name_of_Study,Name_of_Study,Name_of_Study,Name_of_Study,Name_of_Study,Name_of_Study,,,,,TRUE
Dispute_Status_for_Publication,Dispute_Status_for_Publication,Dispute_Status_for_Publication,Dispute_Status_for_Publication,Dispute_Status_for_Publication,Dispute_Status_for_Publication,Dispute_Status_for_Publication,Dispute_Status_for_Publication,,,,,TRUE
Record_ID,Record_ID,Record_ID,Record_ID,Record_ID,Record_ID,Record_ID,Record_ID,,,,,TRUE
Program_Year,Program_Year,Program_Year,Program_Year,Program_Year,Program_Year,Program_Year,Program_Year,,,,,TRUE
Payment_Publication_Date,Payment_Publication_Date,Payment_Publication_Date,Payment_Publication_Date,Payment_Publication_Date,Payment_Publication_Date,Payment_Publication_Date,Payment_Publication_Date,,,,,TRUE
ClinicalTrials_Gov_Identifier,ClinicalTrials_Gov_Identifier,ClinicalTrials_Gov_Identifier,ClinicalTrials_Gov_Identifier,ClinicalTrials_Gov_Identifier,ClinicalTrials_Gov_Identifier,ClinicalTrials_Gov_Identifier,ClinicalTrials_Gov_Identifier,,,,,TRUE
Research_Information_Link,Research_Information_Link,Research_Information_Link,Research_Information_Link,Research_Information_Link,Research_Information_Link,Research_Information_Link,Research_Information_Link,,,,,TRUE
Context_of_Research,Context_of_Research,Context_of_Research,Context_of_Research,Context_of_Research,Context_of_Research,Context_of_Research,Context_of_Research,,,,,TRUE